<?xml version="1.0"?>
<!--
/**
 * Copyright © 2021 Magenest. All rights reserved.
 */
-->
<payment xmlns:xsi="http://www.w3.org/2001/XMLSchema-instance"
         xsi:noNamespaceSchemaLocation="../../../Magento/Payment/etc/payment.xsd">
    <methods>
        <method name="magenest_barclaycard">
            <allow_multiple_address>1</allow_multiple_address>
        </method>
        <method name="barclaycard_direct">
            <allow_multiple_address>1</allow_multiple_address>
        </method>
    </methods>
</payment>
