<?xml version="1.0"?>
<!--
/**
 * Copyright © 2021 Magenest. All rights reserved.
 */
-->
<config xmlns:xsi="http://www.w3.org/2001/XMLSchema-instance" xsi:noNamespaceSchemaLocation="urn:magento:framework:ObjectManager/etc/config.xsd">
    <type name="Magenest\Barclaycard\Helper\Handler">
        <arguments>
            <argument name="filesystem" xsi:type="object">Magento\Framework\Filesystem\Driver\File</argument>
        </arguments>
    </type>

    <type name="Magenest\Barclaycard\Helper\Logger">
        <arguments>
            <argument name="name" xsi:type="string">BarclayLogger</argument>
            <argument name="handlers" xsi:type="array">
                <item name="system" xsi:type="object">Magenest\Barclaycard\Helper\Handler</item>
            </argument>
        </arguments>
    </type>
</config>
