<?xml version="1.0"?>
<!--
/**
 * Venustheme
 * 
 * NOTICE OF LICENSE
 * 
 * This source file is subject to the venustheme.com license that is
 * available through the world-wide-web at this URL:
 * http://venustheme.com/license
 * 
 * DISCLAIMER
 * 
 * Do not edit or add to this file if you wish to upgrade this extension to newer
 * version in the future.
 * 
 * @category   Venustheme
 * @package    Ves_Testimonial
 * @copyright  Copyright (c) 2017 Landofcoder (http://www.venustheme.com/)
 * @license    http://www.venustheme.com/LICENSE-1.0.html
 */
-->
<config xmlns:xsi="http://www.w3.org/2001/XMLSchema-instance" xsi:noNamespaceSchemaLocation="urn:magento:framework:Acl/etc/acl.xsd">
	<acl>
		<resources>
			<resource id="Magento_Backend::admin">
				<resource id="Magento_Backend::testimonial_elements" title="Ves Testimonial">
					<resource id="Ves_Testimonial::testimonial" title="Testimonial" sortOrder="10">
						<resource id="Ves_Testimonial::testimonial_edit" title="Edit Testimonial" sortOrder="10" />
						<resource id="Ves_Testimonial::testimonial_save" title="Save Testimonial" sortOrder="20" />
						<resource id="Ves_Testimonial::testimonial_delete" title="Delete Testimonial" sortOrder="30" />
					</resource>
					<resource id="Ves_Testimonial::category" title="Category" sortOrder="20">
						<resource id="Ves_Testimonial::category_edit" title="Edit Category" sortOrder="10" />
						<resource id="Ves_Testimonial::category_save" title="Save Category" sortOrder="20" />
						<resource id="Ves_Testimonial::category_delete" title="Delete Category" sortOrder="30" />
					</resource>
				</resource>
				<resource id="Magento_Backend::stores">
					<resource id="Magento_Backend::stores_settings">
						<resource id="Magento_Config::config">
							<resource id="Ves_Testimonial::config_testimonial" title="Ves Testimonial" />
						</resource>
					</resource>
				</resource>
			</resource>
		</resources>
	</acl>
</config>