<?xml version="1.0"?>
<!--
/**
 * Venustheme
 * 
 * NOTICE OF LICENSE
 * 
 * This source file is subject to the venustheme.com license that is
 * available through the world-wide-web at this URL:
 * http://venustheme.com/license
 * 
 * DISCLAIMER
 * 
 * Do not edit or add to this file if you wish to upgrade this extension to newer
 * version in the future.
 * 
 * @category   Venustheme
 * @package    Ves_Testimonial
 * @copyright  Copyright (c) 2017 Landofcoder (http://www.venustheme.com/)
 * @license    http://www.venustheme.com/LICENSE-1.0.html
 */
-->
<config xmlns:xsi="http://www.w3.org/2001/XMLSchema-instance" xsi:noNamespaceSchemaLocation="urn:magento:framework:ObjectManager/etc/config.xsd">
    <preference for="Ves\Testimonial\Api\CategoryRepositoryInterface" type="Ves\Testimonial\Model\Api\CategoryRepository" />
    <preference for="Ves\Testimonial\Api\TestimonialRepositoryInterface" type="Ves\Testimonial\Model\Api\TestimonialRepository" />

    <preference for="Ves\Testimonial\Api\Data\CategoryInterface" type="Ves\Testimonial\Model\Category"/>
    <preference for="Ves\Testimonial\Api\Data\TestimonialInterface" type="Ves\Testimonial\Model\Testimonial"/>

    <preference for="Ves\Testimonial\Api\Data\TestimonialSearchResultsInterface" type="Magento\Framework\Api\SearchResults"/>
    <preference for="Ves\Testimonial\Api\Data\CategorySearchResultsInterface" type="Magento\Framework\Api\SearchResults"/>

    <type name="Magento\Framework\View\Element\UiComponent\DataProvider\CollectionFactory">
        <arguments>
            <argument name="collections" xsi:type="array">
                <item name="testimonial_testimonial_listing_data_source" xsi:type="string">Ves\Testimonial\Model\ResourceModel\Testimonial\Grid\Collection</item>
            </argument>
        </arguments>
    </type>
    <type name="Magento\Framework\View\Element\UiComponent\DataProvider\CollectionFactory">
        <arguments>
            <argument name="collections" xsi:type="array">
                <item name="testimonial_category_listing_data_source" xsi:type="string">Ves\Testimonial\Model\ResourceModel\Category\Grid\Collection</item>
            </argument>
        </arguments>
    </type>
    <type name="Ves\Testimonial\Model\ResourceModel\Testimonial\Grid\Collection">
        <arguments>
            <argument name="mainTable" xsi:type="string">ves_testimonial_testimonial</argument>
            <argument name="eventPrefix" xsi:type="string">testimonial_testimonial_grid_collection</argument>
            <argument name="eventObject" xsi:type="string">testimonial_grid_collection</argument>
            <argument name="resourceModel" xsi:type="string">Ves\Testimonial\Model\ResourceModel\Testimonial</argument>
        </arguments>
    </type>
    <type name="Ves\Testimonial\Model\ResourceModel\Category\Grid\Collection">
        <arguments>
            <argument name="mainTable" xsi:type="string">ves_testimonial_category</argument>
            <argument name="eventPrefix" xsi:type="string">testimonial_category_grid_collection</argument>
            <argument name="eventObject" xsi:type="string">testimonial_grid_collection</argument>
            <argument name="resourceModel" xsi:type="string">Ves\Testimonial\Model\ResourceModel\Category</argument>
        </arguments>
    </type>
    <virtualType name="TestimonialGirdFilterPool" type="Magento\Framework\View\Element\UiComponent\DataProvider\FilterPool">
        <arguments>
            <argument name="appliers" xsi:type="array">
                <item name="regular" xsi:type="object">Magento\Framework\View\Element\UiComponent\DataProvider\RegularFilter</item>
                <item name="fulltext" xsi:type="object">Magento\Framework\View\Element\UiComponent\DataProvider\FulltextFilter</item>
            </argument>
        </arguments>
    </virtualType>
    <virtualType name="TestimonialGridDataProvider" type="Magento\Framework\View\Element\UiComponent\DataProvider\DataProvider">
        <arguments>
            <argument name="collection" xsi:type="object" shared="false">Ves\Testimonial\Model\ResourceModel\Testimonial\Collection</argument>
            <argument name="filterPool" xsi:type="object" shared="false">TestimonialGirdFilterPool</argument>
        </arguments>
    </virtualType>
</config>