<?xml version="1.0"?>

<!-- /**
 * Magiccart 
 * @category    Magiccart 
 * @copyright   Copyright (c) 2014 Magiccart (http://www.magiccart.net/) 
 * @license     http://www.magiccart.net/license-agreement.html
 * @Author: DOng NGuyen<nguyen@dvn.com>
 * @@Create Date: 2016-02-23 18:59:34
 * @@Modify Date: 2020-07-21 18:17:04
 * @@Function:
 */ -->
 
<config xmlns:xsi="http://www.w3.org/2001/XMLSchema-instance" xsi:noNamespaceSchemaLocation="urn:magento:module:Magento_Config:etc/system_file.xsd">
    <system>
        <tab id="magiccart" translate="label" sortOrder="102">
            <label>Magiccart</label>
        </tab>
        <section id="magicmenu" translate="label" type="text" sortOrder="300" showInDefault="1" showInWebsite="1" showInStore="1">
            <class>separator-top</class>
            <label>Magic Menu</label>
            <tab>magiccart</tab>
            <resource>Magiccart_Magicmenu::config_magicmenu</resource>
            <group id="general" translate="label" type="text" sortOrder="0" showInDefault="1" showInWebsite="1" showInStore="1">
                <label>General</label>
<!--                 <field id="enabled" translate="label comment" type="select" sortOrder="0"  showInDefault="1" showInWebsite="1" showInStore="1" canRestore="1">
                    <label>Enabled</label>
                    <comment>Enabled frontend</comment>
                    <source_model>Magento\Config\Model\Config\Source\Yesno</source_model>
                </field> -->
                <field id="dropdown" translate="label comment" type="multiselect" sortOrder="5"  showInDefault="1" showInWebsite="1" showInStore="1" canRestore="1">
                    <label>Dropdown Navigation : </label>
                    <comment>Use Ctrl+Click for check several values or uncheck value. Display category as dropdown menu</comment>
                    <source_model>Magiccart\Magicmenu\Model\System\Config\Category</source_model>
                    <can_be_empty>1</can_be_empty>
                </field>             
            </group>
            <group id="topmenu" translate="label" type="text" sortOrder="5" showInDefault="1" showInWebsite="1" showInStore="1">
                <label>Top Menu</label>
                <field id="enabled" translate="label comment" type="select" sortOrder="0"  showInDefault="1" showInWebsite="1" showInStore="1" canRestore="1">
                    <label>Enabled</label>
                    <comment>Enabled frontend</comment>
                    <source_model>Magento\Config\Model\Config\Source\Yesno</source_model>
                </field>
                <field id="event" translate="label comment" type="select" sortOrder="5"  showInDefault="1" showInWebsite="1" showInStore="1" canRestore="1">
                    <label>Action Show Menu : </label>
                    <comment>Menu will show when Click or Hover</comment>
                    <source_model>Magiccart\Magicmenu\Model\System\Config\Event</source_model>
                    <can_be_empty>1</can_be_empty>
                </field> 
                <field id="fullWidth" translate="label comment" type="select" sortOrder="5"  showInDefault="1" showInWebsite="1" showInStore="1" canRestore="1">
                    <label>Mega Menu Width : </label>
                    <source_model>Magiccart\Magicmenu\Model\System\Config\Width</source_model>
                </field>
                <field id="sticker" translate="label comment" type="select" sortOrder="10"  showInDefault="1" showInWebsite="1" showInStore="1" canRestore="1">
                    <label>Sticky Menu : </label>
                    <comment>Fixed to top while scroll page</comment>
                    <source_model>Magento\Config\Model\Config\Source\Yesno</source_model>
                </field>
                <field id="switcher" translate="label comment" type="text" sortOrder="15" showInDefault="1" showInWebsite="1" showInStore="1" canRestore="1">
                    <label>Switcher to Mobile: </label>
                    <validate>validate-zero-or-greater</validate>  
                    <comment>Size Screen switcher to Menu Mobile</comment>
                </field>
                <field id="home" translate="label comment" type="select" sortOrder="20"  showInDefault="1" showInWebsite="1" showInStore="1" canRestore="1">
                    <label>Show Home : </label>
                    <comment>Show button home</comment>
                    <source_model>Magento\Config\Model\Config\Source\Yesno</source_model>
                </field>
                <field id="demo" translate="label comment" type="select" sortOrder="25"  showInDefault="1" showInWebsite="1" showInStore="1" canRestore="1">
                    <label>Show Home Demo: </label>
                    <comment>Show dropdown demo multistore</comment>
                    <source_model>Magento\Config\Model\Config\Source\Yesno</source_model>
                </field>
                <field id="mainCat" translate="label comment" type="select" sortOrder="30"  showInDefault="1" showInWebsite="1" showInStore="1" canRestore="1">
                    <label>Show Main Category : </label>
                    <comment>Show Standard Category</comment>
                    <source_model>Magento\Config\Model\Config\Source\Yesno</source_model>
                </field>
<!--                 <field id="thumbnail" translate="label comment" type="select" sortOrder="32"  showInDefault="1" showInWebsite="1" showInStore="1" canRestore="1">
                    <label>Show Thumbnail : </label>
                    <comment>Show Thumbnail Image in path pub/media/magiccart/magicmenu/thumbnail/ID.png</comment>
                    <source_model>Magento\Config\Model\Config\Source\Yesno</source_model>
                    <depends><field id="mainCat" separator=",">1</field></depends>
                </field> -->
                <field id="extraCat" translate="label comment" type="select" sortOrder="35"  showInDefault="1" showInWebsite="1" showInStore="1" canRestore="1">
                    <label>Show Extra Category : </label>
                    <comment>Show Extra Category</comment>
                    <source_model>Magento\Config\Model\Config\Source\Yesno</source_model>
                </field>
                <field id="notIncludeNav" translate="label comment" type="multiselect" sortOrder="40"  showInDefault="1" showInWebsite="1" showInStore="1" canRestore="1">
                    <label>Not Include in Navigation Top : </label>
                    <comment>Use Ctrl+Click for check several values or uncheck value. Hidden category in topmenu</comment>
                    <source_model>Magiccart\Magicmenu\Model\System\Config\Category</source_model>
                    <can_be_empty>1</can_be_empty>
                </field>
                <field id="exclude_html_desktop" translate="label comment" type="select" sortOrder="50"  showInDefault="1" showInWebsite="1" showInStore="1" canRestore="1">
                    <label>Exclude Menu Desktop in Mobile version : </label>
                    <comment model="Magiccart\Magicmenu\Block\Adminhtml\System\DynamicComment" />
                    <source_model>Magento\Config\Model\Config\Source\Yesno</source_model>
                </field>
                <field id="exclude_html_mobile" translate="label comment" type="select" sortOrder="60"  showInDefault="1" showInWebsite="1" showInStore="1" canRestore="1">
                    <label>Exclude Menu Mobile in Desktop version : </label>
                    <comment model="Magiccart\Magicmenu\Block\Adminhtml\System\DynamicComment" />
                    <source_model>Magento\Config\Model\Config\Source\Yesno</source_model>
                </field>                
            </group>
            <group id="vmenu" translate="label" type="text" sortOrder="10" showInDefault="1" showInWebsite="1" showInStore="1">
                <label>Vertical Menu</label>
                <field id="enabled" translate="label comment" type="select" sortOrder="0"  showInDefault="1" showInWebsite="1" showInStore="1" canRestore="1">
                    <label>Enabled</label>
                    <comment>Enabled frontend</comment>
                    <source_model>Magento\Config\Model\Config\Source\Yesno</source_model>
                </field>
                <field id="event" translate="label comment" type="select" sortOrder="5"  showInDefault="1" showInWebsite="1" showInStore="1" canRestore="1">
                    <label>Action Show Menu : </label>
                    <comment>Menu will show when Click or Hover</comment>
                    <source_model>Magiccart\Magicmenu\Model\System\Config\Event</source_model>
                    <can_be_empty>1</can_be_empty>
                </field> 
                <field id="home" translate="label comment" type="select" sortOrder="20"  showInDefault="1" showInWebsite="1" showInStore="1" canRestore="1">
                    <label>Show Home : </label>
                    <comment>Show button home</comment>
                    <source_model>Magento\Config\Model\Config\Source\Yesno</source_model>
                </field>
                <field id="demo" translate="label comment" type="select" sortOrder="25"  showInDefault="1" showInWebsite="1" showInStore="1" canRestore="1">
                    <label>Show Home Demo: </label>
                    <comment>Show dropdown demo multistore</comment>
                    <source_model>Magento\Config\Model\Config\Source\Yesno</source_model>
                </field>
                <field id="mainCat" translate="label comment" type="select" sortOrder="30"  showInDefault="1" showInWebsite="1" showInStore="1" canRestore="1">
                    <label>Show Main Category : </label>
                    <comment>Show Standard Category</comment>
                    <source_model>Magento\Config\Model\Config\Source\Yesno</source_model>
                </field>
<!--                 <field id="thumbnail" translate="label comment" type="select" sortOrder="32"  showInDefault="1" showInWebsite="1" showInStore="1" canRestore="1">
                    <label>Show Thumbnail : </label>
                    <comment>Show Thumbnail Image in path pub/media/magiccart/magicmenu/thumbnail/ID.png</comment>
                    <source_model>Magento\Config\Model\Config\Source\Yesno</source_model>
                    <depends><field id="mainCat" separator=",">1</field></depends>
                </field> -->
                <field id="extraCat" translate="label comment" type="select" sortOrder="35"  showInDefault="1" showInWebsite="1" showInStore="1" canRestore="1">
                    <label>Show Extra Category : </label>
                    <comment>Show Extra Category</comment>
                    <source_model>Magento\Config\Model\Config\Source\Yesno</source_model>
                </field>
                <field id="notIncludeNav" translate="label comment" type="multiselect" sortOrder="40"  showInDefault="1" showInWebsite="1" showInStore="1" canRestore="1">
                    <label>Not Include in Navigation Top : </label>
                    <comment>Use Ctrl+Click for check several values or uncheck value. Hidden category in vertical menu</comment>
                    <source_model>Magiccart\Magicmenu\Model\System\Config\Category</source_model>
                    <can_be_empty>1</can_be_empty>
                </field>
                <field id="exclude_html_desktop" translate="label comment" type="select" sortOrder="50"  showInDefault="1" showInWebsite="1" showInStore="1" canRestore="1">
                    <label>Exclude Menu Desktop in Mobile version : </label>
                    <comment model="Magiccart\Magicmenu\Block\Adminhtml\System\DynamicComment" />
                    <source_model>Magento\Config\Model\Config\Source\Yesno</source_model>
                </field>
                <field id="exclude_html_mobile" translate="label comment" type="select" sortOrder="60"  showInDefault="1" showInWebsite="1" showInStore="1" canRestore="1">
                    <label>Exclude Menu Mobile in Desktop version : </label>
                    <comment model="Magiccart\Magicmenu\Block\Adminhtml\System\DynamicComment" />
                    <source_model>Magento\Config\Model\Config\Source\Yesno</source_model>
                </field> 
            </group>
            <group id="accordion" translate="label" type="text" sortOrder="15" showInDefault="1" showInWebsite="1" showInStore="1">
                <label>Accordion Menu</label>
                <field id="enabled" translate="label comment" type="select" sortOrder="0"  showInDefault="1" showInWebsite="1" showInStore="1" canRestore="1">
                    <label>Enabled</label>
                    <comment>Enabled frontend</comment>
                    <source_model>Magento\Config\Model\Config\Source\Yesno</source_model>
                </field>
            </group>
        </section>
    </system>
</config>
