<?xml version="1.0"?>
<!--
/**
 * Copyright © 2021 Magenest. All rights reserved.
 */
-->
<include xmlns:xsi="http://www.w3.org/2001/XMLSchema-instance"
         xsi:noNamespaceSchemaLocation="urn:magento:module:Magento_Config:etc/system_include.xsd">
    <group id="barclaycard_direct" translate="label" type="text" sortOrder="50" showInDefault="1" showInWebsite="1"
           showInStore="1">
        <label><![CDATA[ePDQ Direct Link]]></label>
        <comment>Process payments methods</comment>
        <field id="active" translate="label" type="select" sortOrder="10" showInDefault="1" showInWebsite="1"
               showInStore="0">
            <label>Enabled</label>
            <config_path>payment/barclaycard_direct/active</config_path>
            <source_model>Magento\Config\Model\Config\Source\Yesno</source_model>
            <comment>Enabled the module in checkout page</comment>
        </field>
        <field id="userid" translate="label" type="text" sortOrder="12" showInDefault="1" showInWebsite="1" showInStore="1">
            <label>User Id</label>
            <config_path>payment/magenest_barclaycard/userid</config_path>
            <comment>
                <![CDATA[
                (Barclaycard ePDQ) You can create user in "Configuration->Users" with Special user for API option.
                ]]>
            </comment>
        </field>
        <field id="password" translate="label" type="obscure" sortOrder="15" showInDefault="1" showInWebsite="1" showInStore="1">
            <label>Password</label>
            <config_path>payment/magenest_barclaycard/password</config_path>
            <backend_model>Magento\Config\Model\Config\Backend\Encrypted</backend_model>
            <comment>(Barclaycard ePDQ) Password of the API user (USERID).</comment>
        </field>
        <field id="sha_in_phrase_direct" translate="label" type="obscure" sortOrder="18" showInDefault="1" showInWebsite="1" showInStore="0">
            <label>SHA-in pass phrase Directlink method</label>
            <config_path>payment/magenest_barclaycard/sha_in_phrase_direct</config_path>
            <backend_model>Magento\Config\Model\Config\Backend\Encrypted</backend_model>
            <comment>
                <![CDATA[
                (Barclaycard ePDQ Direct) Sha-in phrase can get in "Configuration->Technical information->Data and origin verification->Checks for Barclaycard Direct Link"
                <br>
                <strong>You need to enter your store ip address in IP-address field</strong>
                ]]>
            </comment>
        </field>
        <field id="title" translate="label" type="text" sortOrder="20" showInDefault="1" showInWebsite="1"
               showInStore="1">
            <label>Title</label>
            <config_path>payment/barclaycard_direct/title</config_path>
            <comment>Payment method title displayed on Checkout page</comment>
        </field>
        <field id="test" translate="label" type="select" sortOrder="90" showInDefault="1" showInWebsite="1"
               showInStore="0">
            <label>Sandbox Mode Enabled</label>
            <config_path>payment/barclaycard_direct/test</config_path>
            <source_model>Magento\Config\Model\Config\Source\Yesno</source_model>
            <comment><![CDATA[
                        <strong>Test Sandbox Mode</strong>
                        ]]>
            </comment>
        </field>
        <field id="cctypes" translate="label" type="multiselect" sortOrder="110" showInDefault="1" showInWebsite="1" showInStore="0">
            <label>Credit Card Types</label>
            <source_model>Magenest\Barclaycard\Model\Source\Cctype</source_model>
            <config_path>payment/barclaycard_direct/cctypes</config_path>
        </field>

        <field id="threeds" translate="label" type="select" sortOrder="121" showInDefault="1" showInWebsite="1" showInStore="0">
            <label>Enable 3D Secure</label>
            <source_model>Magento\Config\Model\Config\Source\Yesno</source_model>
            <config_path>payment/barclaycard_direct/threeds</config_path>
            <comment>
                If you wish to use 3-D Secure with DirectLink, you need to have the D3D option activated in your
                account.
            </comment>
        </field>
        <field id="active_moto" translate="label" type="select" sortOrder="125" showInDefault="1" showInWebsite="0" showInStore="0">
            <label>Enabled MOTO</label>
            <source_model>Magento\Config\Model\Config\Source\Yesno</source_model>
            <config_path>payment/barclaycard_direct/active_moto</config_path>
            <comment>Active Mail Order And Telephone Orders</comment>
        </field>
        <field id="allowspecific" translate="label" type="allowspecific" sortOrder="130" showInDefault="1" showInWebsite="1" showInStore="0">
            <label>Payment from Applicable Countries</label>
            <source_model>Magento\Payment\Model\Config\Source\Allspecificcountries</source_model>
            <config_path>payment/barclaycard_direct/allowspecific</config_path>
        </field>
        <field id="specificcountry" translate="label" type="multiselect" sortOrder="140" showInDefault="1" showInWebsite="1" showInStore="0">
            <label>Payment from Specific Countries</label>
            <source_model>Magento\Directory\Model\Config\Source\Country</source_model>
            <config_path>payment/barclaycard_direct/specificcountry</config_path>
        </field>
        <field id="payment_action" translate="label" type="select" sortOrder="150" showInDefault="1" showInWebsite="1" showInStore="0">
            <label>Payment Action</label>
            <source_model>Magenest\Barclaycard\Model\Source\PaymentAction</source_model>
            <config_path>payment/barclaycard_direct/payment_action</config_path>
        </field>
        <field id="order_status" translate="label" type="select" sortOrder="160" showInDefault="1" showInWebsite="1" showInStore="0">
            <label>New Order Status</label>
            <source_model>Magento\Sales\Model\Config\Source\Order\Status\Processing</source_model>
            <config_path>payment/barclaycard_direct/order_status</config_path>
        </field>
        <field id="sort_order" translate="label" type="text" sortOrder="170" showInDefault="1" showInWebsite="1" showInStore="1">
            <label>Sort Order</label>
            <frontend_class>validate-number</frontend_class>
            <config_path>payment/barclaycard_direct/sort_order</config_path>
        </field>
    </group>
</include>
